LATITUDE;LONGITUDE;LZANR;NAME;BAULAST
51.162012;6.87409;9301;Benrather Schloßallee /Urdenbacher Allee / Heubesstr.;LHD
51.236987;6.776438;1205;Fischerstr. / Venloerst. / Sittarderstr./ Cordobastr.;LHD
51.232169;6.716797;2220;Heerdter Landstr. / Benediktusstr.;LHD
51.229466;6.702037;2226;Heerdter Landstr. / Knechtstedenstr.;LHD
51.205555;6.829483;8204;Karl-Geusen-Str. / Ludwigshafener Str. / Kündgensweg;LHD
51.224731;6.79533;1490;Worringer Platz /  Kölner Str. /Worringer Str. / Ackerstr.;LHD
51.196232;6.769233;5709;Aachener Platz / Aachener Str. / Ulenbergstraße;LHD
51.205591;6.774419;5733;Aachener Str. / Karolinger Straße;LHD
51.200038;6.77061;5701;Aachener Str. / Südring;LHD
51.204362;6.773005;5748;Aachener Str. / Suitbertusstraße;LHD
51.2017;6.771015;5738;Aachener Straße / Kopernikusstr. / im Dahlacker;LHD
51.237503;6.798825;4209;Achenbachstr. / Ahnfeldstr. / Rethelstr.;LHD
51.226325;6.798816;1418;Ackerstraße / Gerresheimer Straße  / Vinzenzplatz;LHD
51.230326;6.794179;1319;Adlerstr. / Wielandstr.;LHD
51.221985;6.806506;5205;Albertstraße / Erkrather Str. / Mettmanner Straße;LHD
51.298882;6.743032;6218;Alte Landstr. / Sankt-Göres-Str. / Zeppenheimer Weg;LHD
51.200126;6.842729;8403;Alt-Eller / Ellerkirchstr. / Gumbertstraße;LHD
51.182378;6.866085;9202;Altenbrückstr. / Am Köhnen;LHD
51.180232;6.862537;9205;Altenbrückstr. / Further Str. / Henkelstr. / Spangerstr.;LHD
51.145996;6.863714;9401;Am Alten Rhein / Urdenbacher Dorfstr.;LHD
51.191207;6.843071;8528;Am Dammsteg / BAB 46;LHD
51.18828;6.844192;9109;Am Dammsteg / Halbuschstr. / Oerschbachstraße / Autohof;LHD
51.205856;6.83298;8207;Am Hackenbruch / Reisholzer Str. / Zeppelinstr.;LHD
51.262463;6.762655;6307;Am Hain / Birkhahnweg / Deikerstraße;LHD
51.276853;6.806668;7156;Am Hülserhof / Zum Gut Heiligendonk;LHD
51.274204;6.791345;6325;Am Klosterhof / Kürtenstraße / Kirche;LHD
51.264971;6.761919;6313;Am Roten Haus / Krönerweg / Deikerstraße / Uhlenweg;LHD
51.258159;6.806664;4404;Am Schein / Münsterstr. / Stieglitzstr. / Wrangelstr.;LHD
51.184027;6.870161;9206;Am Schönenkamp / Altenbrückstr. / In der Steele;LHD
51.191811;6.857823;8405;Am Schönenkamp / Deutzer Str. / BAB 46;LHD
51.188972;6.861388;9203;Am Schönenkamp / Further Str. / BAB;LHD
51.179002;6.874946;9204;Am Schönenkamp / Hasselsstr.;LHD
51.24089;6.737539;2391;Am Strauchbusch / Fritz-Vomfelde-Str.;LHD
51.229455;6.796293;1408;Am Wehrhahn / Adlerstr. / Worringer Str. / Schirmerstr.;LHD
51.228377;6.791821;1407;Am Wehrhahn / Kölner Str. / Pempelforter Str./Gerresheimer Str.;LHD
51.227971;6.789703;1416;Am Wehrhahn / Oststr.;LHD
51.229917;6.79815;4190;Am Wehrhahn / S-Bahnhof;LHD
51.227741;6.787504;1406;Am Wehrhahn / Schadowstr.  / Tonhallenstr. / Jacobistr.;LHD
51.328501;6.779502;6701;Angermunder Str. / An den Linden / Auf der Krone;LHD
51.332089;6.787865;6790;Angermunder Str. / Im kleinen Winkel / Koppelskamp;LHD
51.212615;6.79134;5115;Arminstraße / Hüttenstraße / Sonnenstraße;LHD
51.305356;6.742358;6208;Arnheimer Str. / Kalkumer Schloßallee;LHD
51.301285;6.740117;6231;Arnheimer Str. / Kreuzbergstraße;LHD
51.234286;6.778431;1203;Arnoldstr. / Kapellstr. / Kaiserstr.;LHD
51.234176;6.748239;2407;Arnulfstr. / Lanker Str. / Lütticher Str. / Wettinerstr.;LHD
51.204614;6.786333;5749;Auf´m Hennekamp / Brinckmannstr. / Haus Nr. 70;LHD
51.205903;6.78859;5717;Auf´m Hennekamp / Redinghovenstr.;LHD
51.20299;6.783237;5704;Auf´m Hennekamp / Witzelstr.;LHD
51.202397;6.780493;5703;Auf'm Hennekamp / Kopernikusstr. / Himmelgeister Str.;LHD
51.203759;6.784302;5712;Auf'm Hennekamp / Mecumstr.;LHD
51.208688;6.793063;5730;Auf'm Hennekamp / Moritz-Sommer-Str. / Volksgartenstr.;LHD
51.208489;6.768945;1626;Bachstraße / Benzenbergstr. / Karolinger Straße / Burghofstraße;LHD
51.233722;6.790001;1301;Bagelstr. / Camphausenstr. / Derendorfer Str. / Rochusmarkt / Schirmerstr.;LHD
51.219871;6.778307;1118;Bahnstr. / Graf-Adolf-Platz / Carl-Theodor-Str. / Königsallee;LHD
51.228666;6.803681;4114;Beethovenstr. / Ackerstr. / Lindenstr.;LHD
51.225344;6.813767;5220;Behrenstr. / Feuerwache;LHD
51.232062;6.748912;2403;Belsenplatz-Ost / Luegallee / Quirinstr. / Belsenstraße / Cheruskerstraße;LHD
51.232312;6.747906;2421;Belsenplatz-West;LHD
51.229971;6.744007;2101;Belsenstr. / Düsseldorfer Straße;LHD
51.238514;6.849536;7419;Benderstr. / Ikenstr.;LHD
51.240844;6.843012;7301;Benderstr. / Ludenberger Str. / Bergische Landstr. / Rennbahnstr. / Auf der Hardt;LHD
51.237227;6.856009;7418;Benderstraße / Dornaper Str. / Regenbergastr.;LHD
51.237112;6.859572;7401;Benderstraße / Dreherstr. / Neunzigstraße / Neusser Tor;LHD
51.237624;6.853121;7408;Benderstraße / Von-Gahlen-Str. / Gräfrather Straße;LHD
51.162208;6.857109;9316;Benrather Schlossallee / Benrather Schlossufer  / Steinkribbenstr.;LHD
51.16325;6.870843;9320;Benrather Schloßallee / Börchemstr. / Erich-Müller-Str.;LHD
51.162332;6.868536;9309;Benrather Schlossallee / Hospitalstr.;LHD
51.162209;6.860237;9302;Benrather Schlossallee / Kappeler Str. / Pigagaallee;LHD
51.16238;6.872552;9392;Benrather Schlossallee / Schlosspark;LHD
51.163745;6.860312;9334;Benrodestr. / Kappeler Str.;LHD
51.254863;6.865163;7302;Bergische Landstr. / Blanckertzstr. / Altenheim / Am Tiefenberg;LHD
51.24556;6.855773;7303;Bergische Landstr. / Gräulinger Str. / Ratinger Weg;LHD
51.249191;6.860436;7311;Bergische Landstr. / Haus Nr. 266;LHD
51.241794;6.846383;7307;Bergische Landstr. / Rheinische Kliniken;LHD
51.256558;6.869435;7310;Bergische Landstraße / Am Bongard / Schellbergweg;Straßen.NRW
51.242552;6.848939;7314;Bergische Landstraße / Heinrich-Könn-Str. / Am Wildpark;LHD
51.258455;6.878104;7308;Bergische Landstraße / Rotthäuser Weg / Knittkuhler Str.;Straßen.NRW
51.218019;6.781163;1526;Berliner Allee / Adersstr./Hüttenstr.;LHD
51.219735;6.782046;1417;Berliner Allee / Bahnstr.;LHD
51.218805;6.78196;1518;Berliner Allee / Graf-Adolf-Str.;LHD
51.221461;6.782322;1415;Berliner Allee / Grünstr. / Kreuzstr.;LHD
51.225377;6.784876;1446;Berliner Allee / Immermannstr. / Klosterstr. / Martin-Luther-Platz;LHD
51.223495;6.782992;1448;Berliner Allee / Platz der Deutschen Einheit / Josephinenstr. / Marin-Luther-Platz;LHD
51.222899;6.782734;1431;Berliner Allee / Steinstr. / Josephinenstr.;LHD
51.200802;6.835519;8408;Bernburger Str. / Anhalter Str./ Rütgerstr.;LHD
51.197783;6.840273;8407;Bernburger Str. / Heidelberger Str./ Karlsruher Str. / Alt Eller;LHD
51.19927;6.837819;8411;Bernburger Str. / Konradstr. / Dietrichstr.;LHD
51.210471;6.778997;1525;Bilker Allee / Bachstraße  / Weberstraße / Talstraße;LHD
51.210718;6.775102;1602;Bilker Allee / Elisabethstraße;LHD
51.211018;6.766586;1635;Bilker Allee / Friedenstr.;LHD
51.211569;6.763525;1601;Bilker Allee / Gladbacher Str. / Neusser Straße / Martinsstraße;LHD
51.21068;6.77374;1633;Bilker Allee / Kronenstraße;LHD
51.227527;6.801755;4111;Birkenstr. / Ackerstr.;LHD
51.226905;6.805133;4126;Birkenstr. / Wetterstr.;LHD
51.220635;6.789896;1412;Bismarckstraße / Grupellosstr. / Karlsstraße;LHD
51.240101;6.782732;1207;Blücherstraße / StraB-Haltestelle;LHD
51.325451;6.735072;6616;Bocku mer Straße / Grenzweg;LHD
51.324853;6.739026;6601;Bockumer Straße / Fritz-Köhler-Weg;LHD
51.328542;6.7301;6602;Bockumer Straße / Wittgatt;LHD
51.17329;6.835648;8607;Bonner Str. / Adolf-Klarenbach-Str.;LHD
51.169608;6.841008;8651;Bonner Str. / Münchener Str.;LHD
51.170677;6.839345;8602;Bonner Str. / Niederheider Str.;LHD
51.165754;6.847598;8603;Bonner Str. / Paul-Thomas-Str. / Am Trippelsberg;LHD
51.238582;6.802838;4201;Brehmplatz / Herderstr. / Lindemannstr. / Graf-Recke-Str.;LHD
51.245695;6.801822;4305;Brehmplatz / Sybelstr. / Windscheidstr. / Hansaplatz;LHD
51.243436;6.801747;4303;Brehmstr. / Grunerstr.;LHD
51.25025;6.802231;4302;Brehmstr. / Heinrichstr. / Sankt-Franziskus-Str. / Mörsenbroicher Weg;LHD
51.242238;6.801938;4211;Brehmstr. / Kühlwetterstr.;LHD
51.24866;6.802026;4326;Brehmstr. / Maurenbrecher Str. / Strabschleife;LHD
51.247343;6.802012;4304;Brehmstr. / Ostendorfstr. / Lacombletstr. / Hansaplatz;LHD
51.221474;6.777063;1105;Breite Str. / Bastionstr.;LHD
51.223025;6.777013;1106;Breite Str. / Benrather Str.;LHD
51.219946;6.776897;1138;Breite Str. / Carl-Theodor-Str. / Graf-Adolf-Platz;LHD
51.212237;6.836313;5305;Breslauer Str. / Posener Str. / Richardstraße;LHD
51.194429;6.82595;8108;Bruchhausenstraße / Dillenburger Weg / Harffstraße;LHD
51.24141;6.749636;2414;Brüsseler Straße / Lotharstr. / Niederkassler Straße / An der Apfelweide;LHD
51.225343;6.698692;2216;Burgunderstr. / Düsseldorfer Str.(Ne ) / Bockholtstr.( Ne);LHD
51.164972;6.873025;9343;Cäcilienstr. / Börchemstr. / Weststr.;LHD
51.234544;6.787811;1311;Camphausenstr. / Ehrenstr. / Prinz-Georg-Str.;LHD
51.238046;6.789509;1303;Carl-Mosterts-Platz / Moltkestr. / Schloßstr. / Derendorfer Str. / Ludwig-Wolker-Str.;LHD
51.245905;6.766973;3226;Cecilienallee / Golzheimer Platz;LHD
51.236638;6.771884;1223;Cecilienallee / J.-Beuys.-Ufer / Rheinterasse / Victoriaplatz;LHD
51.239439;6.771624;3211;Cecilienallee / Klever Str. / Bezirksregierung;LHD
51.248254;6.762911;3205;Cecilienallee / Uerdinger Str./ Rotterdamer Str.;LHD
51.222718;6.789896;1419;Charlottenstr. / Immermannstr.;LHD
51.192487;6.797286;5764;Christophstraße / Universitätsstraße;LHD
51.247568;6.783633;3103;Collenbachstr. / Spichernplatz / Spichernstr. / Ulmenstr.;LHD
51.208624;6.782859;5708;Corneliusstr. / Erasmusstr. / Färberstr. / Heresbachstr.;LHD
51.213968;6.78286;1516;Corneliusstr. / Fürstenwall;LHD
51.212329;6.782762;1539;Corneliusstr. / Kirchfeldstr.;LHD
51.215543;6.782716;1522;Corneliusstr./ Herzogstr.;LHD
51.231739;6.814324;4124;Cranachstr. / Lindenstraße;LHD
51.27098;6.768059;6330;Damaschkestraße / Eckenerstr. / Turnerheim;LHD
51.271531;6.749447;6113;Danziger Str. / Nordstern / Rampe A 44;LHD
51.266773;6.753894;6404;Danziger Weg / Sandweg;LHD
51.182518;6.817559;8523;Dechenweg / Ickerswarder Stra0e;LHD
51.235917;6.789685;1323;Derendorfer Str. / Franklinstraße;LHD
51.236771;6.789332;1315;Derendorfer Str. / Stockkampstr. / Liebigstr.;LHD
51.257882;6.818032;7137;Derfflingerstr. / Rather Broich;LHD
51.194732;6.855146;8410;Deutzer Str. / In der Elb / Büllenkothenweg;LHD
51.196035;6.85315;8409;Deutzer Str. / Kikweg / Heidelberger Str.;LHD
51.230629;6.80963;4104;Dorotheenstr. / Ackerstr.;LHD
51.227061;6.811524;4101;Dorotheenstr. / Birkenstr. / Flurstr.;LHD
51.231864;6.809031;4105;Dorotheenstr. / Lindemannstr. / Grafenberger Allee;LHD
51.229339;6.810384;4103;Dorotheenstr. / Lindenstr.;LHD
51.227403;6.838638;7519;Dreherstr. / Auf der Gemarke / Wambachweg;LHD
51.229885;6.847825;7507;Dreherstr. / Diepenstr. / Bertastr.;LHD
51.227149;6.837045;7515;Dreherstr. / Hellweg / Siedlerweg / Flinger Broich;LHD
51.227898;6.842527;7508;Dreherstr. / Kirche;LHD
51.234942;6.856355;7406;Dreherstr. / Schönaustraße;LHD
51.33812;6.748913;6604;Duisburger Landstraße / Zu- und Abfahrt B8n / Am Froschenteich;Straßen.NRW
51.230638;6.787301;1310;Duisburger Str. / Jägerhofstr. / Jacobistr.;LHD
51.237235;6.779196;1206;Duisburger Str. / Kaiserswerther Str. / Nordstr. / Venloer Str.;LHD
51.233514;6.784667;1208;Duisburger Str. / Rosenstr. / Vagedesstr.;LHD
51.227674;6.753288;2106;Düsseldorfer Str. /  / Oberkasseler Str. / Am Heiligenhäuschen;LHD
51.23063;6.740295;2117;Düsseldorfer Str. / Ausfahrt Rheinalleetunnel / VLZ;LHD
51.230315;6.742141;2105;Düsseldorfer Str. / Carmenstr. / Hectorstr.;LHD
51.226513;6.759323;2104;Düsseldorfer Str. / Kaiser-Wilhelm-Ring / Rheinallee;LHD
51.231407;6.73764;2102;Düsseldorfer Straße / Columbusstr.;LHD
51.238577;6.70885;2228;Düsseldorfer Straße / Krefelder Straße / Böhlerstraße;LHD
51.213975;6.775103;1604;Elisabethstr. / Fürstenwall;LHD
51.21888;6.775644;1541;Elisabethstr. / Graf-Adolf-Platz / Haroldstr. / Kasernenstr.;LHD
51.215703;6.775167;1605;Elisabethstr. / Herzogstr. / Reichsstr.;LHD
51.212447;6.775078;1603;Elisabethstr. / Kirchfeldstraße;LHD
51.209531;6.775921;1501;Elisabethstraße / Friedrichstr. / Bachstraße;LHD
51.215369;6.798638;5119;Ellerstr. / Höhenstraße;LHD
51.217142;6.792718;5116;Ellerstr. / Lessingsstr. / Vulkanstr. / Hauptbahnhof / Willi-Becker-Allee;LHD
51.253277;6.791868;3142;Entlastungsstraße Derendorf / Heinrich-Erhardt-Str.;LHD
51.249741;6.792606;3144;Entlastungsstraße Derendorf/Zufahrt FH/U-Turn;LHD
51.214841;6.821716;5310;Erkrather Str. / Am Bermeshau;LHD
51.212627;6.824781;5301;Erkrather Str. / An der Schützenwiese / Strab-Depot;LHD
51.219506;6.812228;5223;Erkrather Str. / Kiefernstraße;LHD
51.209732;6.828394;5308;Erkrather Str. / Reisholzer Str. / Gatherweg;LHD
51.216706;6.760645;1652;Ernst-Gnoß-Str. / Stromstr. / Landtag;LHD
51.216037;6.76133;1614;Ernst-Gnoß-Str. / Völklinger Str. / Rheinufertunnel;LHD
51.217159;6.782885;1514;Ernst-Reuter-Platz / Corneliusstr. / Hüttenstr. / Karl-Rudolf-Str. / Luisenstr.;LHD
51.227468;6.695376;2215;Eupener Str. / Malmedyer Str.;LHD
51.243598;6.772133;3202;Fischerstr. / Homberger Str. / Kaiserswerther Str. / Kennedydamm / Homberger Platz;LHD
51.225792;6.825161;4603;Flinger Broich / Rosmarinstr.;LHD
51.228459;6.814514;4109;Flurstr. / Hoffeldstr. / Lichtstr.;LHD
51.176207;6.88638;9210;Forststr. / Am Schönenkamp / BAB;LHD
51.172215;6.88142;9213;Forststr. / Am Wald / Hoxbachstr./ Rettungsstation;LHD
51.174458;6.884332;9215;Forststr. / BAB;LHD
51.169404;6.876319;9342;Forststr. / Büngerstr.;LHD
51.168606;6.874175;9308;Forststr. / Hasselsstr.;LHD
51.138438;6.905554;9501;Frankfurter Str. / Am Kapeller Feld;LHD
51.152433;6.891294;9507;Frankfurter Str. / BAB-A59-Nord / Auffahrt Köln;LHD
51.15223;6.892957;9591;Frankfurter Str. / BAB-A59-Süd / Auffahrt Wuppertal;LHD
51.135145;6.900343;9505;Frankfurter Str. / Carl-Friedrich -Goerdeler -Str.;LHD
51.136144;6.907606;9525;Frankfurter Str. / Dresdener Str.;LHD
51.142865;6.901228;9590;Frankfurter Str. / Feuerwache;LHD
51.131745;6.912019;9526;Frankfurter Str. / Goslaer Str. / Eichsfelder str.;LHD
51.133102;6.910254;9515;Frankfurter Str. / Hellerhofweg;LHD
51.140787;6.902663;9506;Frankfurter Str. / Koblenzer Str. / Matthias - Erzberger-Str.;LHD
51.149289;6.894781;9503;Frankfurter Str. / Rostocker Str.;LHD
51.145639;6.898486;9504;Frankfurter Str. / Stettiner Str.;LHD
51.212949;6.751849;1610;Franziusstraße / Hammer Str. / Gladbacher Straße / Hafen;LHD
51.213813;6.748939;1703;Franziusstraße / Speditionsstraße / Kaistraße / Zollhof;LHD
51.265172;6.753;3301;Freiligrathplatz / Kaiserswerther Str. / Sandweg / Beckbuschstr..;LHD
51.265742;6.75211;3392;Freiligrathplatz / Überwege ohne Straßenbahn / Niederrheinstr. / Beckbuschstr. / Danziger Str. / Kaiserswerther Str.;LHD
51.218906;6.776738;1519;Friedrichstr. / Graf-Adolf-Platz / Breite Str. / Graf-Adolf-Str.;LHD
51.210862;6.776851;1502;Friedrichstraße / Bilker Allee;LHD
51.21403;6.776904;1504;Friedrichstraße / Fürstenwall / Kirchplatz;LHD
51.212391;6.776806;1503;Friedrichstraße / Kirchfeldstraße;LHD
51.21405;6.770447;1623;Fürstenwall / Friedenstraße / Kronprinzenstraße;LHD
51.214005;6.780715;1535;Fürstenwall / Jahnstr.;LHD
51.215267;6.767291;1606;Fürstenwall / Lorettostr. / Jürgensplatz;LHD
51.213968;6.778661;1534;Fürstenwall / Talstraße;LHD
51.210588;6.800727;5112;Gangelplatz / Flügelstr. / Emmastraße / Oberbilker Allee;LHD
51.207319;6.764288;5607;Germaniastraße / Martinstr. / Bachstraße;LHD
51.203839;6.898498;7701;Gerresheimer Land- / Brors- / Dellestr.;LHD
51.204004;6.897195;7702;Gerresheimer Landstr. / Wittenbruchstr.;LHD
51.225539;6.80205;5207;Gerresheimer Str. / Krahestr. / Mettmanner Straße;LHD
51.227441;6.794583;1495;Gerresheimer Strasse/Schule;LHD
51.24607;6.778982;3208;Golzheimer Str. / Rolandstr. / Roßstr.;LHD
51.218916;6.785714;1511;Graf-Adolf-/ Pionier / Charlotten- / Bahnstraße;LHD
51.218914;6.778944;1508;Graf-Adolf-Str. / Königsallee-Ost / Hüttenstr.;LHD
51.21877;6.7839;1510;Graf-Adolf-Str. / Oststr. / Karl-Rudolf-Str.;LHD
51.239736;6.824173;4505;Grafenberger Allee / Altenberg- / Geibelstr.;LHD
51.232518;6.811958;4115;Grafenberger Allee / Cranachstr. / Hans-Sachs-Str. / Hoffeldstr.;LHD
51.236732;6.820714;4299;Grafenberger Allee / Ivo-Beucker Str.;LHD
51.233744;6.817082;4108;Grafenberger Allee / Lichtstr. / Sohnstr. / Lichtplatz;LHD
51.233207;6.81497;4116;Grafenberger Allee / Lindenstr.;LHD
51.2302;6.799683;4118;Grafenberger Allee / Mendelssohnstr. / Rethelstr.;LHD
51.237683;6.821911;4229;Grafenberger Allee / Schlüterstr.;LHD
51.238332;6.822617;4252;Grafenberger Allee / Simrockstr. / Otto-Petersen-Str. / Walter -Eucken - Str.;LHD
51.230407;6.801734;4106;Grafenberger Allee / Uhlandstr. / Beethovenstr.;LHD
51.241798;6.827211;4501;Grafenberger Allee / Vautierstr. / Limburgstr. / Staufenplatz / Burgmüllerstr.;LHD
51.241472;6.810222;4227;Graf-Recke-Str. / Fritz-Wüst-Str. / Mathildenstr.;LHD
51.242979;6.814424;4205;Graf-Recke-Str. / Heinrichstr. / Vautierstr.;LHD
51.252931;6.793838;4325;Grashofstr. / Mercedesstr. / Parkplatz;LHD
51.243843;6.797235;4311;Grunerstr. / Ahnfeldstr. / Jülicher Str. / Toulouser Allee;LHD
51.244057;6.798333;4306;Grunerstr. / Windscheidstr. / Mulvanystr.;LHD
51.213808;6.847913;8310;Gubener Str. / Neusalzer Weg / Sandträgerweg / Pastor-Finke-Weg;LHD
51.203402;6.835436;8201;Gumbertstr. / Zeppelinstr. / Jägerstr. / Annweilerstr.;LHD
51.275554;6.784993;6336;Hamborner Str. / Beedstr. / Im Huferfeld;LHD
51.276162;6.791888;6323;Hamborner Str. / Kürtenstr.;LHD
51.274301;6.782795;6321;Hamborner Str. / Unterrather Str. / Mecklenburger Weg / Ahornallee;LHD
51.228765;6.699108;2202;Handweiser;
51.240499;6.727927;2301;Hansaallee / Grevenbroicher Weg / Heerdter Lohweg / Niederkasseler Lohweg;LHD
51.236567;6.739052;2409;Hansaallee / Heerdter Sandberg / Niederkasseler Kirchweg;LHD
51.242695;6.721764;2303;Hansaallee / Löricker Str. / Schießstr.;LHD
51.23819;6.734783;2315;Hansaallee / Prinzenallee / Fritz-Vomfelde-Str./Amboßstr.;LHD
51.234878;6.743732;2427;Hansaallee / Rheinbahnhaus;LHD
51.218941;6.77141;1102;Haroldstr. / Kavalleriestr. / Poststr.;LHD
51.219083;6.768258;1144;Haroldstr. / Neusser Str. / Horionplatz / Ministerpräsident;LHD
51.176165;6.870895;9201;Hasselsstr. / Bromberger Str.;LHD
51.178243;6.873825;9207;Hasselsstr. / Schillstr.;LHD
51.230806;6.707775;2223;Heerdter Landstr. / Aldekerkstr. / Schule;LHD
51.231668;6.712724;2229;Heerdter Landstr. / Haus Nr. 101;LHD
51.231818;6.714651;2205;Heerdter Landstr. / Heesenstr. / Abfahrt Brüsseler Straße;LHD
51.231469;6.711236;2218;Heerdter Landstr./ Wiesenstraße;LHD
51.237529;6.727555;2242;Heerdter Lohweg / Willstätter - / Viersener Str.;LHD
51.211637;6.809721;5122;Heerstraße / Markenstraße;LHD
51.196752;6.847781;8406;Heidelberger Str. / Schloßallee;LHD
51.253866;6.786176;3101;Heinrich-Erhardt-Str. / Rather Str.;LHD
51.226414;6.777105;1136;Heinrich-Heine-Allee / Elberfelder Str. / Bolkerstr.;LHD
51.227144;6.777102;1191;Heinrich-Heine-Allee / Ludwig-Zimmermann-Straße / Interimstraße;LHD
51.227803;6.776993;1109;Heinrich-Heine-Allee / Mühlenstr. / Grabbeplatz;LHD
51.229638;6.777194;1110;Heinrich-Heine-Allee / Ratinger Tor / Ratinger Str. / Max-Weyhe-Allee;LHD
51.225296;6.776998;1108;Heinrich-Heine-Allee / Theodor-Körner-Str. /Breite Str. / Trinkausstr. / Heinrich-Heine-Platz;LHD
51.246295;6.808868;4392;Heinrichstr. / Altenheim;LHD
51.245037;6.810603;4312;Heinrichstr. / Grunerstr. / Ludwig-Beck-Str.;LHD
51.247908;6.806552;4310;Heinrichstr. / Ostendorfstr. / Eugen-Richter-Str.;LHD
51.132214;6.907095;9516;Hellerhofweg / Bertha-v.-Suttner-Str. / Carlo-Schmid-Str.;LHD
51.130088;6.903104;9517;Hellerhofweg / Rudolf-Breitscheid-Str. / Graf-von-Staufenberg-Str.;LHD
51.229814;6.823503;4602;Hellweg / Bruchstr. / Daimlerstr.;LHD
51.22794;6.82822;4606;Hellweg / Dieselstraße;LHD
51.230811;6.819706;4142;Hellweg / Hans-Günther-Sohl-Straße;LHD
51.216749;6.789486;1590;Helmholtzstraße / Luisenstr. / Gustav-Poensgen-Str.;LHD
51.236394;6.801061;4208;Herderstr. / Achenbachstr. / Schillerplatz;LHD
51.235384;6.799702;4203;Herderstr. / Humboldstr. / Schillerplatz;LHD
51.234178;6.797845;4207;Herderstr. / Rethelstr.;LHD
51.215625;6.776931;1505;Herzogstr. / Friedrichstr.;LHD
51.215591;6.78547;1523;Herzogstr. / Hüttenstr. / Pionierstr. / Feuerwache;LHD
51.215678;6.780595;1521;Herzogstr. / Jahnstr.;LHD
51.21558;6.778759;1520;Herzogstr. / Talstr.;LHD
51.227905;6.861237;7509;Heyestr. / Dreifaltigkeitsstr.;LHD
51.223075;6.865039;7501;Heyestr. / Morper Str. / Owensstr. / Torfbruchstr.;LHD
51.23091;6.860049;7424;Heyestraße / Dörpfeldstraße;LHD
51.220915;6.865626;7529;Heyestraße / Im Brühl / S-Bahnhof;LHD
51.161101;6.889781;9312;Hildener Str. / Am Buchholzer Busch;LHD
51.161095;6.893447;9326;Hildener Str. / Brockenstr.;LHD
51.16105;6.877535;9307;Hildener Str. / Frankfurter Str. / BUS-Umfahrt;LHD
51.161088;6.885241;9323;Hildener Straße / Einsiedelstr. / Strab-Depot;LHD
51.19837;6.782634;5710;Himmelgeister Str. / Ulenbergstr.;LHD
51.231442;6.775724;1104;Hofgartenrampe / Fritz-Roeber-Straße / Eiskellerberg;LHD
51.194753;6.813733;8533;Hohensandweg / Kölner Landstr.;LHD
51.213334;6.748199;1720;Holzstr. / Holzstr.(alt) zur Plockstraße;LHD
51.241759;6.77068;3201;Homberger Str. / Cecilienallee;LHD
51.179556;6.83161;8622;Hügelstraße / Nosthoffenstraße;LHD
51.214737;6.787255;1513;Hüttenstr. / Helmholtzstr. / Bunsenstr. / Scheurenstr.;LHD
51.274807;6.736681;6107;Im Grund / Nagelsweg / Kirche;LHD
51.207113;6.814679;5404;Im Liefeld / Seeheimer Weg;LHD
51.222008;6.791684;1435;Immermannstr. / Karlsstraße;LHD
51.224582;6.786222;1428;Immermannstr. / Kreuzstr.;LHD
51.174241;6.831192;8605;Itterstr. / Eichenkreuzstr.;LHD
51.228662;6.787302;1439;Jacobistraße/Goltsteinstraße/Louise-Dumont-Straße;LHD
51.23044;6.783662;1215;Jägerhofstr. / Feldstr.;LHD
51.226249;6.781861;1494;Jan-Wellem-Platz / Schadowstraße;LHD
51.231417;6.771665;1192;Joseph-Beuys-Ufer / Fritz-Roeber-Str. / Rheinufertunnel;LHD
51.2332;6.771523;1211;Joseph-Beuys-Ufer / Inselstr. / Oederallee;LHD
51.198441;6.738401;5501;Joseph-Kardinal-Frings-Brücke  / Strab-Übergang;LHD
51.242667;6.787646;3112;Jülicher Str. / Eulerstr.;LHD
51.242915;6.790333;3113;Jülicher Str. / Sommersstr. / Schloßstr.;LHD
51.243383;6.793237;3114;Jülicher Str. / Yorckstr. / Tußmannstr. / Jülicher Brücke;LHD
51.230082;6.780938;1212;Kaiserstr. / Hofgartenstr. / Jägerhofstr. / Max.-Weyhe-Allee;LHD
51.235219;6.778059;1204;Kaiserstr./ Fischerstr. / Nordstr. / Scheibenstr.;LHD
51.246494;6.768466;3209;Kaiserswerther Str. / Karl-Arnold-Platz / Golzheimer Platz;LHD
51.257567;6.755425;3308;Kaiserswerther Str. / Nordpark / Aquazoo;LHD
51.252975;6.759885;3206;Kaiserswerther Str. / Reeser Platz / Reeser Str. / Friedrich - Lau- Str.;LHD
51.259855;6.754571;3302;Kaiserswerther Str. / Stockumer / Kirchstr. / Am Hain;LHD
51.250128;6.76503;3204;Kaiserswerther Str. / Uerdinger Str.;LHD
51.230229;6.762578;2121;Kaiser-W.-Ring / Uferunterführung;LHD
51.305397;6.743781;6207;Kalkumer Schloßallee / Bahn - Übergang;LHD
51.304972;6.747054;6217;Kalkumer Schloßallee / Walburgisstraße;LHD
51.26919;6.774212;6305;Kalkumer Str. / Breisacher Str. / Kleinschmitthauser Weg;LHD
51.267704;6.774328;6318;Kalkumer Str. / Post / Schule;LHD
51.262776;6.775836;6304;Kalkumer Str. / Ulmenstr. / An der Piwipp;LHD
51.271807;6.773796;6306;Kalkumer Str. / Unterrather Str. / Eckenerstr.;LHD
51.265703;6.775032;6319;Kalkumer Str. / Wilseder Weg / Dünenweg;LHD
51.274107;6.773089;6395;Kalkumer Straße / Schranke;LHD
51.148778;6.871667;9405;Kammerathsfeldstraße / Flößerstraße;LHD
51.210233;6.858186;8319;Kamper Weg / Coburger Weg / Erlenkamp;LHD
51.217597;6.866219;7513;Kamper Weg / Glashüttenstraße;LHD
51.212579;6.858618;8303;Kamper Weg / In den Kötten;LHD
51.179087;6.859256;9101;Kappeler Str. / Henkelstr. / Reisholzer Bahnstr.;LHD
51.170018;6.861111;9106;Kappeler Str. / Nürnberger Straße;LHD
51.177559;6.859533;9104;Kappeller Str. / Buchenstr.;LHD
51.206723;6.824297;5307;Karl-Geusen-Str. / Gartencenter;LHD
51.205285;6.831599;8203;Karl-Geusen-Str. / Klein-Eller / Am Turnisch / Am Hackenbruch;LHD
51.206365;6.82592;8206;Karl-Geusen-Str. / Kuthsweg / Am Stufstock;LHD
51.207202;6.8224;5317;Karl-Geusen-Str. / Strab-Depot;LHD
51.197045;6.836431;8102;Karlsruher Str. / Marburger Str. / S-Bahnhof Eller - Süd / Haustertshofweg / Flottenstraße;LHD
51.221184;6.790646;1413;Karlsstraße / Friedrich-Ebert-Str.;LHD
51.223092;6.793573;1438;Karlstraße / Kurfürstenstraße;LHD
51.205901;6.780479;5706;Karolingerplatz / Karolinger Str. / Brunnenstraße / Heresbachstr.;LHD
51.20566;6.77703;5715;Karolingerstraße / Merowingerstraße;LHD
51.225251;6.775538;1132;Kasernen- / Graben- / Wallstr.;LHD
51.221529;6.775511;1111;Kasernenstr. / Bastionstr.;LHD
51.223045;6.775637;1113;Kasernenstr. / Benrather Str.;LHD
51.220022;6.775487;1142;Kasernenstr. / Carl-Theodor-Str. / Siegfried-Klein-Str.;LHD
51.21707;6.770447;1613;Kavalleriestr. / Hubertusstr. / Reichsstr. / Rheinufertunnel / Rheinkniebrücke;LHD
51.22518;6.811505;5204;Kettwiger Str. / Dorotheenstr. / Behrenstr. / S-Bahnhof;LHD
51.222629;6.810578;5203;Kettwiger Str. / Höherweg;LHD
51.220801;6.808887;5202;Kettwiger Str. / Werdener Str. / Erkrather Str.;LHD
51.2239;6.811066;5217;Kettwiger Straße / Stadtbad Düsselstrand;LHD
51.236706;6.70288;2240;Kevelaer Str. / Neusserstr. / Böhlerstr.;Straßen.NRW
51.23127;6.700844;2221;Kevelaerer Str. / Zülpicher Str.;LHD
51.23422;6.703126;2204;KevelaerStr. / Brüsseler Str. / A52 ( Landschaftsverband);Straßen.NRW
51.278498;6.770444;6314;Kieshecker Weg / Kalkumer Str. / Flughafeneinfahrt;LHD
51.280238;6.783269;6332;Kieshecker Weg / Parsevalstr. / Wanheimer Str.;LHD
51.203248;6.833011;8215;Klein-Eller / Weinheimer Str. / Annweilerstr./ Ludwigshafener Str. / Ellerbittweg;LHD
51.300767;6.739209;6201;Klemenspatz / Niederrheinstr. / St. Göres-Str.;LHD
51.24003;6.774361;3212;Klever Str. / Fischerstr.;LHD
51.242349;6.782132;3210;Klever Str. / Jülicher Str. / Roßstr. / Collenbachstr.;LHD
51.240442;6.775604;3216;Klever Str. / Kaiserswerther Str.;LHD
51.268055;6.876007;7604;Knittkuhler Str. / Am Mergelsberg / Conesweg;LHD
51.147327;6.890967;9502;Koblenzer Str. /  Rostocker Straße / Josef -Maria -Olbrich-Str.;LHD
51.155272;6.874028;9303;Koblenzer Str. / Haydnstr.;LHD
51.150428;6.8831;9404;Koblenzer Str. / Sodenstr. / Schule;LHD
51.153016;6.877908;9311;Koblenzer Str. / Südallee;LHD
51.143688;6.896427;9508;Koblenzer Straße / Peter-Behrens-Straße;LHD
51.175784;6.832353;8601;Kölner Landstr. / Bonner Str./ Itterstr. / Bahlenstr.;LHD
51.186254;6.819617;8548;Kölner Landstr. / Guerickeweg;LHD
51.177854;6.829646;8611;Kölner Landstr. / Hinter den Höfen;LHD
51.183856;6.821235;8503;Kölner Landstr. / Ickerswarder Str. / Werstener Feld;LHD
51.179016;6.828004;8610;Kölner Landstr. / Nosthoffenstr./ Elbruchstr.;LHD
51.187774;6.818655;8502;Kölner Landstr. / Opladener Str. / Mergelgasse / Leichlinger Str.;LHD
51.181442;6.824754;8512;Kölner Landstr. / Reusrather Str.;LHD
51.190518;6.816321;8505;Kölner Landstr. / Rheindorfer Weg / Kampstr.;LHD
51.176462;6.831483;8612;Kölner Landstr. / Ritastr. / Hügelstr.;LHD
51.189069;6.817592;8508;Kölner Landstr. / Wiesdorfer Str. / Liebfrauenstr.;LHD
51.196584;6.812579;8550;Kölner Landstr. / Ziegeleiweg / Provinzialplatz;LHD
51.220903;6.79913;5118;Kölner Str. / Eifeler Str. / Eintrachtstr. / Hauptbahnhof / Ludwig-Erhard-Allee;LHD
51.213147;6.806557;5107;Kölner Straße / Ellerstraße / Heerstraße;LHD
51.219201;6.800471;5120;Kölner Straße / Hauptbahnhof / Erik - Nölting - Str.;LHD
51.225456;6.794636;1441;Kölner Straße / Karl-Anton Straße;LHD
51.221719;6.798248;5131;Kölner Straße / Schlägelstr. / Post;LHD
51.210944;6.808114;5108;Kölner Straße / Stoffeler Str. / Schmiedestraße / Markenstraße;LHD
51.223017;6.778324;1116;Königsallee / Benrather Straße / Steinstraße;LHD
51.224364;6.778419;1115;Königsallee / Königsstr. / Trinkausstr. / Giradetbrücke;LHD
51.225254;6.778362;1114;Königsallee / Theodor-Körner-Str. / Blumenstr. / Corneliusplatz / Schadowstr.;LHD
51.214912;6.837925;5303;Königsberger Straße / Posener Straße;LHD
51.224434;6.781737;1430;Königstr. / Blumenstr. / Martin-Luther-Platz;LHD
51.237743;6.710416;2213;Krefelder Straße / Berzeliusstraße;LHD
51.222887;6.784534;1436;Kreuzstr. / Steinstr. / Bismarckst. / Pl.Deutsch.Einheit;LHD
51.210886;6.76983;1630;Kronprinzenstraße / Bilker Allee;LHD
51.214648;6.800935;5104;Kruppstraße / Ellerstraße;LHD
51.212666;6.798074;5103;Kruppstraße / Linienstraße / Sonnenstraße;LHD
51.269792;6.796797;7135;Kürtenstraße / Hasperstraße;LHD
51.211297;6.873231;8322;L404 Rothenbergstraße / Rathelbeckstraße;Straßen.NRW
51.188787;6.921266;7791;L404/L282 Hilden;Strassen.NR
51.245534;6.821946;4228;Lenaustr. / Graf-Recke-Str. / Simrockstr.;LHD
51.247329;6.821942;4413;Lenaustr. / Kaserne;LHD
51.250883;6.821626;4407;Lenaustr. / Mörsenbroicher Weg / Wilhelm - Raabe - Str.;LHD
51.22938;6.815871;4112;Lichtstr. / Bruchstr.;LHD
51.23109;6.8164;4113;Lichtstr. / Cranachstr.;LHD
51.2371;6.791718;1318;Liebigstr. / Moltkestr.;LHD
51.212172;6.821363;5315;Lierenfeld. Str. Nord / Strab-Depot;LHD
51.211038;6.815743;5316;Lierenfeld. Str. Süd / Strab-Depot;LHD
51.267948;6.826476;7116;Liliencronstraße / Rather Markt;LHD
51.237022;6.804764;4226;Lindemannstr. / Hebbelstr. / Paulusplatz;LHD
51.235203;6.806865;4206;Lindemannstr. / Schumannstr.;LHD
51.239797;6.834378;7304;Ludenberger Str. / Pöhlenweg;LHD
51.208272;6.777327;5793;Ludwig - Hammers -Platz / Friedrichstr. / Bahnhof Bilk;LHD
51.193812;6.838242;8107;Ludwigstraße / Kissinger Str. / FulDaer Straße;LHD
51.231598;6.752208;2402;Luegallee / Barbarossaplatz;LHD
51.231554;6.75633;2404;Luegallee / Oberkasseler Str. / Asellbertstr. / Kyffhäuserstr.;LHD
51.231551;6.762261;2401;Luegplatz / Luegallee / Brend'Amourstr. / Kaiser-W.-Ring / Kaiser-Fr.-Ring / Leostraße;LHD
51.240736;6.743902;2408;Lütticher Str. / Brüsseler Str. / Seestern;LHD
51.23777;6.744816;2405;Lütticher Str. / Niederkasseler Kirchweg;LHD
51.244785;6.740788;2308;Lütticher Straße / Am Seestern;Straßen.NRW
51.241592;6.779436;3214;Mauerstr. / Kolpingplatz / Klever Str.;LHD
51.204197;6.765404;5609;Max-Brandts-Str. / Planetenstr. / Sternwartstr / Fleher Str. / Im Dahlacker;LHD
51.206767;6.782977;5723;Mecumstr. / Erasmusstr. / Feuerbachstr.;LHD
51.204911;6.783787;5729;Mecumstr. / Fruchtstr.;LHD
51.201012;6.787569;5716;Mecumstr. / Witzelstr.;LHD
51.197541;6.778098;5724;Merowingerstraße / Merowingerplatz / Ulenbergstr.;LHD
51.20434;6.776798;5711;Merowingerstraße / Suitbertusstraße;LHD
51.217779;6.7896;1517;Mintropstraße / Mintropplatz / Harkortstraße / Ellerstraße / Helmholtzstr.;LHD
51.23611;6.79396;1302;Moltkestr. / Bagelstr. / Schinkelstr. / Tußmannstr. / Franklinbrücke;LHD
51.199639;6.790838;5714;Moorenplatz / Moorenstr. / Solenanderstr. / Schloßmannstr. / Witzelstr.;LHD
51.198971;6.788464;5722;Moorenstraße / Uni-Klinik / Überweg;LHD
51.250744;6.808795;4408;Mörsenbroicher Weg / Herchenbachstraße;LHD
51.211044;6.782793;1515;Morsestr. / Bilker Allee / Oberbilker Allee / Corneliusstr.;LHD
51.167733;6.873023;9390;Münchener Str. / Forststr.;LHD
51.167225;6.872056;9346;Münchener Str. / Forststr. / Cäcilienstr. / Bayreuther Str.;LHD
51.181352;6.801362;8591;Münchener Str. / Himmelgeister Landstr. / Abfahrt Uni;LHD
51.176131;6.809518;8518;Münchener Str. / Ickerswarder Str.;LHD
51.169738;6.821993;8705;Münchener Str. / Itterstr./Tankstellenzufahrt;LHD
51.200405;6.775982;5770;Münchener Str. / Südring / Fleher Brücke / Abfahrt von Wuppertal - Köln;LHD
51.182117;6.80179;8521;Münchener Str. / Universitätsstr. / Abfahrt Uni;LHD
51.248233;6.796851;4313;Münsterstr. / Buscherstr.;LHD
51.25072;6.800799;4301;Münsterstr. / Grashofstr. / Heinrichstr.;LHD
51.260659;6.809013;4423;Münsterstr. / Hördtweg;LHD
51.242494;6.783724;3108;Münsterstr. / Jülicher Str.;LHD
51.24908;6.798716;4315;Münsterstr. / Mercedesstr.;LHD
51.241653;6.783498;1309;Münsterstr. / Moltkestr. / Roßstr. / Feuerwache;LHD
51.252343;6.801795;4405;Münsterstr. / Nördlicher Zubringer;LHD
51.245687;6.789992;3110;Münsterstr. / Rather Str. / Sommersstr.;LHD
51.247009;6.793705;3117;Münsterstr. / Toulouser Allee / Yorckstr./ S-Bahnhof Derendorf;LHD
51.243936;6.78682;3109;Münsterstr. / Ulmenstr. / Eulerstr. / Münsterplatz;LHD
51.253921;6.802852;4403;Münsterstr. / Vogelsanger Weg;LHD
51.26224;6.810448;7101;Münsterstr. / Westfalenstr. / Rather Kreuzweg / Rather Broich / Bochumer Str./ Hülsmeyerplatz;LHD
51.239965;6.860926;7417;Neunzigstraße / Gräulinger Str. / Am Großen Dern / Am Lehn;LHD
51.216236;6.764802;1619;Neusser Str. / Fürstenwall;LHD
51.217381;6.76602;1654;Neusser Str. / Hubertusstr.;LHD
51.215377;6.764082;1649;Neusser Straße / Düsselstr. / Ernst-Gnoß-Straße;LHD
51.212564;6.763859;1641;Neusser Straße / Lorettostr. / Bilker Allee / Weiherstraße;LHD
51.287233;6.738499;6204;Niederrheinstr. / Alte Landstr. /  Abfahrt  Danziger Str.;LHD
51.293186;6.736084;6209;Niederrheinstr. / Leuchtenb. Kirchweg / Annostr. / Schule;LHD
51.232436;6.720226;2201;Nik.-Knopp-Platz / Pestalozzistr. / Heerdter Landstr. / Krefelder Str. / Schiessstr.;LHD
51.252788;6.771607;3203;Nordfriedhof-Mitte / Danziger Str. / Uerdinger Str.;LHD
51.253428;6.772072;3294;Nordfriedhof-Nord / Johannstr. / Hugo-Viehoff-Str. / Am Nordfriedhof;LHD
51.251618;6.799048;4307;Nördlicher Zubringer / Grashofstr.;LHD
51.253588;6.799294;4406;Nördlicher Zubringer / Haus Nr. 5;LHD
51.259693;6.796094;4402;Nördlicher Zubringer / Vogelsanger Weg;LHD
51.175053;6.848124;9114;Nürnberger- / OU Reisholz / Niederheider Str. / Henkelstraße;LHD
51.170332;6.865784;9111;Nürnberger Straße / Karl-Hohmann-Straße;LHD
51.21107;6.785605;1540;Oberbilber Allee / Hildebrandtstr. / Philipp-Reis-Str.;LHD
51.210833;6.788419;5736;Oberbilker Allee / Färberstraße / G.-Poensgen-Straße;LHD
51.21154;6.792761;5101;Oberbilker Allee / Hüttenstr. / Volksgartenstr.;LHD
51.208751;6.810092;5111;Oberbilker Allee / Kölner Str. / Karl-Geusen-Straße;LHD
51.210969;6.796041;5102;Oberbilker Allee / Kruppstr.;LHD
51.209049;6.808065;5106;Oberbilker Allee / Stoffeler Str. / Siegburger Str.;LHD
51.21634;6.804111;5105;Oberbilker Markt / Kölner Str. / Werdener Straße / Kruppstraße;LHD
51.24883;6.728426;2306;Oberlöricker Str. / Grevenbroicher Weg;Straßen.NRW
51.24966;6.722709;2302;Oberlöricker Str. / Löricker Straße / Hubert - Hermes - Straße;Straßen.NRW
51.248066;6.731241;2307;Oberlöricker Straße / Strandbad;Straßen.NRW
51.266494;6.826682;7130;Oberrather Str. / Tevernstr. / Dachsbergweg;LHD
51.185278;6.852468;9190;Oerschbachstr. / IKEA;LHD
51.189302;6.847857;9118;Oerschbachstraße / Zufahrt Ikea;LHD
51.204159;6.817102;5407;Offenbacher Weg / Bingener Weg;LHD
51.219676;6.784303;1401;Oststr. / Bahnstr. / Alexanderstr.;LHD
51.22199;6.786107;1403;Oststr. / Bismarckstr.;LHD
51.222696;6.786578;1420;Oststr. / Fr.-Ebert-Str. / Steinstr.;LHD
51.223962;6.787652;1404;Oststr. / Immermannstr.;LHD
51.224745;6.788248;1405;Oststr. / Klosterstr.;LHD
51.220558;6.784918;1402;Oststr. / Stresemannstr.;LHD
51.226025;6.789028;1432;Oststr. / Tonhallenstr. / Liesegangstr. / Leopoldstr./ Haus Nr.9;LHD
51.242612;6.815943;4294;Otto-Petersen-Str. / Vautierstr.;LHD
51.233014;6.727224;2209;Pariser Str./ Heerdter Lohweg / Am Heerdter Krankenhaus;LHD
51.23241;6.724567;2203;Pariser Straße / Kribbenstr. / Im Kämpchen;LHD
51.231856;6.73525;2103;Pariser Straße / Nibelungenstr. / Brüsseler Straße;LHD
51.269074;6.743399;3316;Parkplatz-Abfahrt / Messe-Ost / Stockumer Höfe / Rampe A 44;LHD
51.268106;6.739621;3317;Parkplatz-Zufahrt / Messe-Ost / Stockumer Höfe;LHD
51.276589;6.787091;6308;Parsevalstr. / Hamborner Str.;LHD
51.173373;6.854273;9108;Paul-Thomas-Str. / Briedestr.;LHD
51.176229;6.85243;9103;Paul-Thomas-Str. / Henkelstr.;LHD
51.171728;6.853511;9107;Paul-Thomas-Str. / Nürnberger Str.;LHD
51.168631;6.851284;8620;Paul-Thomas-Str.-Nord / Münchener Str.;LHD
51.167889;6.850284;8690;Paul-Thomas-Str.-Süd / Münchener Str.;LHD
51.231552;6.789717;1317;Pempelforter Str. / Vagedesstr. / Adlerstr. / Düsselthaler Straße;LHD
51.211631;6.750482;5509;Plockstraße / Hammer Dorfstraße;LHD
51.209454;6.758243;5614;Plockstraße / Völklinger Str. / Hafen;LHD
51.216835;6.839031;5319;Posener Straße / Feuerwache;LHD
51.235848;6.733237;2233;Prinzenallee / Viersener Str. / Zufahrt B7 / Greifweg / Alberichweg;LHD
51.239771;6.786714;1304;Prinz-Georg-Str. / Eulerstr. / Moltkestr.;LHD
51.232916;6.787939;1307;Prinz-Georg-Str. / Rochusstr. / Bagelstr.;LHD
51.236763;6.787249;1308;Prinz-Georg-Str. / Stockkampstr.;LHD
51.232131;6.787382;1305;Prinz-Georg-Str. / Vagedesstr. / Duisburger Str.;LHD
51.233262;6.749834;2406;Quirinstr. / Arnulfstr.;LHD
51.270012;6.746802;6114;Rampe A44 /Niederrheinstr. / Messe-Ost / Stockumer Höfe;LHD
51.253877;6.822348;7125;Rather Broich / Lenaustr. / Fritz - von - Wille - Str.;LHD
51.260229;6.814583;7149;Rather Broich / Rückertstraße;LHD
51.259301;6.81573;7110;Rather Broich / Sankt-Franziskus-Str. / Eckampstr.;LHD
51.262684;6.809215;7118;Rather Kreuzweg / Dortmunder Str.;LHD
51.266492;6.800546;7115;Rather Kreuzweg / Mannesmann;LHD
51.263771;6.805772;7138;Rather Kreuzweg / Wattenscheider Straße;LHD
51.274008;6.834392;7120;Reichswaldallee / Davidstr. / BAB 44 / Strab-Übergang;LHD
51.27261;6.832534;7104;Reichswaldallee / Eitelstr. / Am Bauenhaus;LHD
51.267245;6.827088;7114;Reichswaldallee / Liliencronstr.;LHD
51.206791;6.83145;8205;Reisholzer Str. / Kündgensweg / Am Turnisch;LHD
51.208002;6.830441;8202;Reisholzer Str. / Schlesische Str. / Kuthsweg;LHD
51.16899;6.839034;8652;Reisholzer Werftstr. / Münchener Str.;LHD
51.236328;6.797706;4204;Rethelstr. / Humboldstr. / Franklinbrücke;LHD
51.206923;6.839034;8213;Richardstraße / Am Hackenbruch;LHD
51.24422;6.780575;3225;Römerstr. / Roßstr. / Zietenstr.;LHD
51.214171;6.816876;5230;Ronsdorfer Str. /  Fichtenstr. / Lierenfelder Straße;LHD
51.216536;6.818859;5208;Ronsdorfer Str. / Erkrather Str.;LHD
51.221536;6.822374;5210;Ronsdorfer Straße / Höherweg;LHD
51.218645;6.820629;5209;Ronsdorfer Straße / Königsberger Straße;LHD
51.229164;6.82148;4601;Rosmarinstr. / Bruchstr.;LHD
51.247387;6.777521;3231;Roßstr. / Saarbrücker Str. / Hans-Böckler-Str.;LHD
51.249596;6.775156;3217;Roßstr. / Schwannstr. / Tannenstr.;LHD
51.21518;6.866393;8302;Rothenbergstr. / Vennhauser Allee / Glashüttenstr.;LHD
51.198672;6.894921;7704;Rothenbergstraße / Großer Torfbruch;Straßen.NRW
51.200749;6.886682;7703;Rothenbergstraße / Kleiner Torfbuch;Straßen.NRW
51.257994;6.732909;3320;Rotterdamer Str. / Am Staad / Lohauser Deich / Heinz-Ingenstau-Str.;LHD
51.256042;6.739762;3304;Rotterdamer Straße / CCD;LHD
51.213124;6.853688;8321;Sandträgerweg / Striegauer Weg;LHD
51.256715;6.8116;4410;Sankt-Franziskus-Str. / H.-Dornscheidt-Str. / Spatenstr.;LHD
51.25322;6.806437;4412;Sankt-Franziskus-Str. / Heideweg;LHD
51.238563;6.720941;2238;Schiessstraße / Willstätter Straße;LHD
51.208932;6.838208;8211;Schlesische Straße / Richardstraße;LHD
51.235978;6.822101;4613;Schlüterstraße/Fußgängerschutzanlage;LHD
51.21008;6.803478;5114;Schmiedestr. / Oberbilker Allee;LHD
51.234219;6.861284;7402;Schönaustraße / Heyestr. / Kölner Tor / Am Pesch;LHD
51.234589;6.859172;7404;Schönaustraße / Märkische Straße;LHD
51.24105;6.777521;3213;Schwerinstr. / Kolpingplatz / Klever Str.;LHD
51.198429;6.811996;8504;Siegburger Str. / Harffstr. / Kölner Landstr.;LHD
51.201219;6.81112;5402;Siegburger Str. / Höseler Str. / Gerberstr.;LHD
51.204526;6.810576;5401;Siegburger Str. / Kaiserslauterner Str.;LHD
51.207616;6.808791;5490;Siegburger Str. / Stoffeler Kapellenweg;LHD
51.242304;6.821779;4506;Simrockstr. / Vautierstr.;LHD
51.239541;6.812116;4234;Sohnstr. / Max-Planck-Str. / Friedr.-Springorum-Str. / Fritz-Wüst-Str.;LHD
51.263861;6.823036;7103;St.-Franziskus-Str. / Oberrather Str. / Kanzlerstr.;LHD
51.241666;6.830175;4509;Staufenplatz / Ludenberger Str. / Ernst-Poensgen-Allee / Wittelsbachstr.;LHD
51.235043;6.782771;1216;Sternstr. / Duisburger Str.;LHD
51.233003;6.779161;1202;Sternstr. / Inselstr. / Rosenstr. / Kaiserstr.;LHD
51.219163;6.788036;1512;Stresemanplatz / Scheuerenstr. / Mintropstr. / Graf-Adolf-Straße / Karlst.;LHD
51.154933;6.882207;9328;Südallee / Marschnerstraße;LHD
51.200459;6.766794;5606;Südring / Fleher Straße;LHD
51.201707;6.776345;5702;Südring / Kopernikusstraße / Merowingerstraße;LHD
51.199527;6.772452;5769;Südring / Münchener Straße;LHD
51.200894;6.756152;5601;Südring / Völklinger Straße / Südfriedhof (Ost);LHD
51.200951;6.754176;5690;Südring / Völklinger Straße / Südfriedhof (West);LHD
51.2006;6.762321;5603;Südring / Volmerswerther Straße;LHD
51.204348;6.780663;5705;Suitbertusplatz / Himmelgeister Str. / Witzelstr. / Brunnenstr. / Fruchtstr.;LHD
51.275295;6.796133;6302;Theodorstr. / Lichtenbroicher Weg / Gladbecker Str. / A52 West;LHD
51.275582;6.793948;6324;Theodorstr. / Lichtenbroicher Weg / Hamborner Str.;LHD
51.274731;6.804176;7126;Theodorstr./ Planstr. A / Planstr. B;LHD
51.275049;6.800214;6390;Theodorstraße / A 52 - Ost;LHD
51.274603;6.807307;7108;Theodorstraße / Am Gatherhof / Am Hülserhof;LHD
51.27151;6.816741;7155;Theodorstraße / Am Schüttenhof / Stichstr.Kikkoman;LHD
51.270586;6.819455;7141;Theodorstraße / Oberhausener Straße;LHD
51.269608;6.820777;7109;Theodorstraße / Wahlerstraße;LHD
51.272632;6.813258;7154;Theodorstraße /Zum Gut Heiligendonk / DOME;LHD
51.231842;6.850835;7502;Torfbruchstr. / Dreherstr.;LHD
51.224111;6.859729;7510;Torfbruchstr. / Nach den Mauresköthen;LHD
51.229446;6.855285;7505;Torfbruchstr. / Sichelstraße / Planstraße 4;LHD
51.231069;6.79653;1334;Toulouser Allee / Lagerfläche Ost WHL;LHD
51.236972;6.795988;1332;Toulouser Allee / Marc- Chagall- Str./ Franklinbrücke;LHD
51.244069;6.794632;1333;Toulouser Allee / Marc- Chagall-Straße;LHD
51.233698;6.762042;2420;Uferunterführung / Kaiser-Fr.-Ring / San-Remo-Straße;LHD
51.259828;6.777612;3115;Ulmenstr. / Großmarkt;LHD
51.256744;6.779832;3105;Ulmenstr. / Hugo-Viehoff-Str.;LHD
51.253906;6.780243;3102;Ulmenstr. / Johannstr. / Heinrich-Erhardt-Str.;LHD
51.251393;6.781578;3119;Ulmenstr. / Tannenstr./ Rheinmetall-Allee;LHD
51.246141;6.785021;3120;Ulmenstr. / Weißenburgstr.;LHD
51.272645;6.77797;6392;Unterrather Str. / Fußgängerüberweg Kittelbach/ Syltstr.;LHD
51.273397;6.781312;6309;Unterrather Str. / Kartäuserstr. / Am Röttchen;LHD
51.152081;6.867869;9409;Urdenbacher Allee / Haus-Endt-Straße;LHD
51.158465;6.873168;9313;Urdenbacher Allee / Orangerie / Schloß Benrath;LHD
51.161018;6.874234;9305;Urdenbacher Allee / Paulistr. / Hildener Str.;LHD
51.148964;6.867659;9402;Urdenbacher Dorfstr. / Tübinger Straße;LHD
51.242093;6.82305;4504;Vautierstr. / Geibelstr.;LHD
51.214394;6.864929;8337;Vennhauser Allee / Feuerwache;LHD
51.212985;6.8636;8309;Vennhauser Allee / Hürthstr.;LHD
51.211378;6.86223;8301;Vennhauser Allee / In den Kötten / Friedrich-Engels-Str. / Freiheitsstr.;LHD
51.199007;6.845107;8402;Vennhauser Allee / Karlsruher Str. / Gumbertstr. / Schloßallee;LHD
51.206847;6.85763;8313;Vennhauser Allee / Schule / Sportanlage;LHD
51.199477;6.846118;8491;Vennhauser Allee / Strab-Schleife;LHD
51.20075;6.848199;8418;Vennhauser Allee / Von-Krüger-Straße;LHD
51.282131;6.797291;6502;Volkardeyer Weg / Wittlaerer Weg;LHD
51.207027;6.757394;5605;Völklinger Straße / Fährstraße;LHD
51.211981;6.759437;1611;Völklinger Straße / Gladbacher Straße;LHD
51.213851;6.760704;1653;Völklinger Straße / Rheinufertunnel;LHD
51.207417;6.760329;5602;Volmerswerther Str. / Fährstr. / Germaniastraße;LHD
51.286646;6.785722;6520;Wanheimer Str. / Erschließungsstraße Kaufring (Nord);LHD
51.283606;6.782456;6518;Wanheimer Str. / Frachtzentrum / Gewerbegebiet;LHD
51.286128;6.798881;6517;Wanheimer Str. / Heltorfer Str.;LHD
51.286755;6.794415;6519;Wanheimer Str. / Tiefenbroicher Weg;LHD
51.285171;6.803068;6513;Wanheimer Str. / Volkardeyer Str.;LHD
51.217308;6.805342;5143;Werdener Str. / U - Turn;LHD
51.218783;6.807128;5201;Werdener Straße / Albertstr. / Fichtenstraße / Autohof;LHD
51.192883;6.831372;8103;Werstener Feld / Eller Friedhof;LHD
51.195243;6.834076;8101;Werstener Feld / Harffstr. / Ludwigstr.;LHD
51.186172;6.825949;8507;Werstener Feld / Leichlinger Str. / Werstener Friedh.-Str.;LHD
51.185232;6.824641;8516;Werstener Feld / Lützenkircher Straße;LHD
51.192114;6.815285;8590;Werstener Kreuz Süd / Werstener Dorfstr. / Kölner Landstr.;LHD
51.19685;6.797281;8506;Werstener Str. / Stoffel.Kapellenweg / Witzelstr. / Christophstr. / Stoffeler Broich;LHD
51.192878;6.814794;8501;Werstener Str. / Südl. Zubringer / Kölner Landstr. / Werstener Kreuz Nord;LHD
51.195847;6.800805;8534;Werstener Str. / Universitätsstr. / In den Großen Banden;LHD
51.230478;6.7107;2231;Wiesenstraße / Clarissenstr. / Hüttenes-Albertus;LHD
51.202125;6.78417;5743;Witzelstraße / Strab-Übergang / Hasenclever;LHD
51.223586;6.796312;1491;Worringer Platz / Kölner Str. / Erkrather Straße;LHD
51.223687;6.794478;1492;Worringer Platz / Worringer Str. / Klosterstraße / Karlstr.;LHD
51.227014;6.796887;1411;Worringer Straße / Gerresheimer Straße;LHD
51.250432;6.764437;3293;Zeitinsel / Kaiserwerther Str. / Uerdinger Straße;LHD
51.191619;6.91656;7790;ohne;Straßen.NRW
51.192756;6.914942;7706;ohne;Straßen.NRW
51.195326;6.909772;7705;ohne;Straßen.NRW
51.206135;6.880593;8335;ohne;Straßen.NRW
51.246724;6.736875;2311;ohne;Straßen.NRW
51.259034;6.916322;7690;ohne;Straßen.NRW
51.259998;6.913339;7603;ohne;Straßen.NRW
51.260537;6.911265;7602;ohne;Straßen.NRW
51.261227;6.903275;7607;ohne;Straßen.NRW
51.305855;6.758604;6605;ohne;Straßen.NRW
51.305896;6.761441;6614;ohne;Straßen.NRW
0;0;814;DLZ Stockumer Höfe / P2;LHD
0;0;801;DLZ Zufahrt P1-Süd;LHD
0;0;733;KöBogen-Tunnel / Parkhäuser Schauspiel- und Dreischeibenhaus;LHD
0;0;734;KöBogen-Tunnel / Portal Berliner Allee;LHD
0;0;731;KöBogen-Tunnel / Portal Hofgartenstraße;LHD
0;0;732;KöBogen-Tunnel / Zu-und Ausfahrt Investorparkhaus;LHD
0;0;722;Portalsperreinrichtung RAT Fahrtrichtung Innenstadt (West-Portal)Rheinallee/Rheinalleetunnel/West-Portal;LHD
0;0;721;Portalsperreinrichtung RAT Fahrtrichtung Mönchengladbach (Ost-Portal);LHD
